60aa0ef913fed,John Smith,admin,john.smith@mail.com,john1234,Administrador
60aa1000af487,Jane Kane,janek,jane@mail.com,jane1234,User
60aa100a78377,Peter Lopez,peterpan,peter@mail.com,peter1234,User
60aa100a78345,Lisa McKean,lim,lisa@mail.com,lisa1234,User
60aa100a78308,Monica Geller,moni,monica@mail.com,lisa1234,User
60aa100a78315,Charlie Wayne,charleston,charlie@mail.com,lisa1234,User
60b98b74b3c0c,maria,villa,maria@gmail.com,1234,User
60bdf5f903d2c,fdrdgd,dfg,dfgdsf@gmail.com,1234,User
60c1062ae3bb7,Daniel,kid,dani@mail.com,1234,User
60c1065433c35,rocio,ro,rocio@gmail.com,1234,User
60c1067c1d15d,canica,canicus,canica@gmail.com,1234,User
60c2a0dda6d6c,tere,tere,tere@mail.com,1234,User
60c650773edc0,alberto,alb,alberto@gmail.com,1234,User
60c6551c7ff96,suri,su,su@mail.com,1234,User
60c6a56dde16c,rober,rober,rober@mail.com,1234,User
60c6acefbf530,ana,ana_ro,ana@mail.com,1234,User
60c74ada8f960,pablo,pablete,pa@mail.com,1234,User
60ccf9527fa9c,wed,weqre,eqrwe@mail.com,1121312,User
60ccf9c202ad7,kitty,kiteria,kitty@mail.com,12344,User
